year,subunit,sbt,Source_Season
1989,1,6.77721282326085,GLORYS-Spring
1989,2,9.903812362708349,GLORYS-Spring
1990,1,7.363153640822946,GLORYS-Spring
1990,2,11.05256694609305,GLORYS-Spring
1991,1,7.651598804577735,GLORYS-Spring
1991,2,10.774043354022893,GLORYS-Spring
1992,1,6.496614237557116,GLORYS-Spring
1992,2,10.033370046096984,GLORYS-Spring
1993,1,6.10058459946366,GLORYS-Spring
1993,2,8.989369047144073,GLORYS-Spring
1994,1,7.0325908862567355,GLORYS-Spring
1994,2,10.58739451827899,GLORYS-Spring
1995,1,7.162048955510891,GLORYS-Spring
1995,2,10.300854440920988,GLORYS-Spring
1996,1,6.608973904906728,GLORYS-Spring
1996,2,8.936100428547357,GLORYS-Spring
1997,1,7.0243479114282525,GLORYS-Spring
1997,2,11.372075221577632,GLORYS-Spring
1998,1,6.546258060893089,GLORYS-Spring
1998,2,9.510021298309496,GLORYS-Spring
1999,1,7.185745061655484,GLORYS-Spring
1999,2,10.903241128869395,GLORYS-Spring
2000,1,7.7276656712078475,GLORYS-Spring
2000,2,11.598145688817803,GLORYS-Spring
2001,1,6.9325430773125305,GLORYS-Spring
2001,2,9.36706350084211,GLORYS-Spring
2002,1,7.736283433007398,GLORYS-Spring
2002,2,12.366814580771441,GLORYS-Spring
2003,1,6.286917096200517,GLORYS-Spring
2003,2,9.027119802646949,GLORYS-Spring
2004,1,5.693592560095842,GLORYS-Spring
2004,2,8.34127454874945,GLORYS-Spring
2005,1,6.053285826542313,GLORYS-Spring
2005,2,8.940364119785075,GLORYS-Spring
2006,1,7.357181089901506,GLORYS-Spring
2006,2,11.426979778242895,GLORYS-Spring
2007,1,6.220726220959528,GLORYS-Spring
2007,2,9.60049156543336,GLORYS-Spring
2008,1,6.739769760194392,GLORYS-Spring
2008,2,11.897232282357137,GLORYS-Spring
2009,1,6.7939551110345535,GLORYS-Spring
2009,2,10.89720681977402,GLORYS-Spring
2010,1,7.582700770331182,GLORYS-Spring
2010,2,9.665237360964703,GLORYS-Spring
2011,1,7.427985332989306,GLORYS-Spring
2011,2,11.412379594122784,GLORYS-Spring
2012,1,8.886906742658777,GLORYS-Spring
2012,2,13.216433732887433,GLORYS-Spring
2013,1,7.7172843312435555,GLORYS-Spring
2013,2,11.185990838405214,GLORYS-Spring
2014,1,7.318196633292033,GLORYS-Spring
2014,2,10.464117480106042,GLORYS-Spring
2015,1,7.508026748876112,GLORYS-Spring
2015,2,11.640883163024826,GLORYS-Spring
2016,1,8.303956668415982,GLORYS-Spring
2016,2,11.949583626835725,GLORYS-Spring
2017,1,7.196167278680653,GLORYS-Spring
2017,2,10.428921711249433,GLORYS-Spring
2018,1,7.700055188350993,GLORYS-Spring
2018,2,9.309758790203787,GLORYS-Spring
2019,1,7.3392850073829985,GLORYS-Spring
2019,2,10.513232594630766,GLORYS-Spring
1989,1,6.471263504660552,GLORYS-Winter
1989,2,8.148296231949798,GLORYS-Winter
1990,1,6.766187118801811,GLORYS-Winter
1990,2,8.953789521560207,GLORYS-Winter
1991,1,7.328022307644181,GLORYS-Winter
1991,2,9.145526973862662,GLORYS-Winter
1992,1,6.989893562795389,GLORYS-Winter
1992,2,9.59428982216066,GLORYS-Winter
1993,1,6.117912752511069,GLORYS-Winter
1993,2,7.382366417209955,GLORYS-Winter
1994,1,6.654035470954718,GLORYS-Winter
1994,2,7.585318236728841,GLORYS-Winter
1995,1,7.248110068977844,GLORYS-Winter
1995,2,8.84133593045949,GLORYS-Winter
1996,1,6.3705535375876625,GLORYS-Winter
1996,2,6.702592225348366,GLORYS-Winter
1997,1,6.984139270860647,GLORYS-Winter
1997,2,8.853075035934241,GLORYS-Winter
1998,1,6.410277390636378,GLORYS-Winter
1998,2,8.329345340285798,GLORYS-Winter
1999,1,6.858829026065875,GLORYS-Winter
1999,2,9.059703631479229,GLORYS-Winter
2000,1,7.4976225469933135,GLORYS-Winter
2000,2,9.079457169673486,GLORYS-Winter
2001,1,6.836180979541097,GLORYS-Winter
2001,2,7.839424363250942,GLORYS-Winter
2002,1,7.502512527293827,GLORYS-Winter
2002,2,10.559046642376428,GLORYS-Winter
2003,1,6.374822582846774,GLORYS-Winter
2003,2,7.54892931544716,GLORYS-Winter
2004,1,5.88146856245447,GLORYS-Winter
2004,2,7.1585402775331914,GLORYS-Winter
2005,1,5.709904320748117,GLORYS-Winter
2005,2,7.1566008140480575,GLORYS-Winter
2006,1,7.258488241101868,GLORYS-Winter
2006,2,9.10991875591174,GLORYS-Winter
2007,1,7.322572038759944,GLORYS-Winter
2007,2,9.327591150184801,GLORYS-Winter
2008,1,6.6237305436368965,GLORYS-Winter
2008,2,9.4246959634166,GLORYS-Winter
2009,1,6.766390937429938,GLORYS-Winter
2009,2,8.183180297984451,GLORYS-Winter
2010,1,7.080331983488107,GLORYS-Winter
2010,2,7.288520810382614,GLORYS-Winter
2011,1,7.141267989815266,GLORYS-Winter
2011,2,7.548846073489371,GLORYS-Winter
2012,1,8.568197609948312,GLORYS-Winter
2012,2,10.588115710378347,GLORYS-Winter
2013,1,7.8329587444711954,GLORYS-Winter
2013,2,8.847066224598493,GLORYS-Winter
2014,1,7.431815763536039,GLORYS-Winter
2014,2,9.014147108044124,GLORYS-Winter
2015,1,8.000193328701076,GLORYS-Winter
2015,2,8.034852109971592,GLORYS-Winter
2016,1,8.106329768133943,GLORYS-Winter
2016,2,10.313733332795522,GLORYS-Winter
2017,1,8.011509197031872,GLORYS-Winter
2017,2,9.211707124293172,GLORYS-Winter
2018,1,7.818961049376936,GLORYS-Winter
2018,2,8.253075285687473,GLORYS-Winter
2019,1,7.267160870755299,GLORYS-Winter
2019,2,8.098588200214778,GLORYS-Winter
1989,1,7.910140425652884,GLORYS-Annual
1989,2,11.185885492588389,GLORYS-Annual
1990,1,8.258490099868387,GLORYS-Annual
1990,2,11.977899002164461,GLORYS-Annual
1991,1,8.757716918149836,GLORYS-Annual
1991,2,11.936983518910237,GLORYS-Annual
1992,1,7.70768828402008,GLORYS-Annual
1992,2,11.59012023163702,GLORYS-Annual
1993,1,7.63736104672094,GLORYS-Annual
1993,2,10.890289016027337,GLORYS-Annual
1994,1,8.42844570389512,GLORYS-Annual
1994,2,11.723860340935905,GLORYS-Annual
1995,1,8.578909600543437,GLORYS-Annual
1995,2,12.364960810118719,GLORYS-Annual
1996,1,7.580975284400434,GLORYS-Annual
1996,2,10.290507593278738,GLORYS-Annual
1997,1,8.248886224930546,GLORYS-Annual
1997,2,12.081077062041334,GLORYS-Annual
1998,1,7.5150806911460695,GLORYS-Annual
1998,2,11.41739313052005,GLORYS-Annual
1999,1,8.738402896338105,GLORYS-Annual
1999,2,13.127397838023208,GLORYS-Annual
2000,1,8.649243248446908,GLORYS-Annual
2000,2,12.263117864646526,GLORYS-Annual
2001,1,8.345746645086962,GLORYS-Annual
2001,2,11.822204092649871,GLORYS-Annual
2002,1,8.86936265806675,GLORYS-Annual
2002,2,13.375154554843903,GLORYS-Annual
2003,1,7.713512674032932,GLORYS-Annual
2003,2,10.949306094092814,GLORYS-Annual
2004,1,7.011237073960948,GLORYS-Annual
2004,2,10.26171834579573,GLORYS-Annual
2005,1,7.538615020240009,GLORYS-Annual
2005,2,10.900745640361283,GLORYS-Annual
2006,1,8.68838028575551,GLORYS-Annual
2006,2,12.823817474106018,GLORYS-Annual
2007,1,7.66744023719783,GLORYS-Annual
2007,2,11.575110641333557,GLORYS-Annual
2008,1,7.920834329479882,GLORYS-Annual
2008,2,12.827545861891647,GLORYS-Annual
2009,1,8.313355386687231,GLORYS-Annual
2009,2,12.190809584624823,GLORYS-Annual
2010,1,8.685894485868237,GLORYS-Annual
2010,2,11.204690565991292,GLORYS-Annual
2011,1,8.674302332772532,GLORYS-Annual
2011,2,12.586932985590446,GLORYS-Annual
2012,1,9.845247553137384,GLORYS-Annual
2012,2,13.810841114306005,GLORYS-Annual
2013,1,9.267888990093644,GLORYS-Annual
2013,2,12.482932092876322,GLORYS-Annual
2014,1,9.082274979919845,GLORYS-Annual
2014,2,13.019329307427773,GLORYS-Annual
2015,1,9.333420518226545,GLORYS-Annual
2015,2,13.38907845880152,GLORYS-Annual
2016,1,9.645837447486748,GLORYS-Annual
2016,2,13.615238432350091,GLORYS-Annual
2017,1,9.112442977780038,GLORYS-Annual
2017,2,12.54208411838192,GLORYS-Annual
2018,1,8.98982680238684,GLORYS-Annual
2018,2,11.561715919789048,GLORYS-Annual
2019,1,8.983156614068955,GLORYS-Annual
2019,2,12.634253424047818,GLORYS-Annual
