year,subunit,age,f
1989,1,1,0.0916702542405
1989,1,2,0.5223295758798
1989,1,3,1.0711334717226
1989,1,4,1.2337276616028
1989,1,5,1.2604399920684
1989,1,6,1.2643476526746
1989,1,7,1.2649193079822
1989,1,8,1.265004
1990,1,1,0.081426769802375
1990,1,2,0.46396304328504995
1990,1,3,0.95144209375435
1990,1,4,1.0958675650293
1990,1,5,1.1195949867728998
1990,1,6,1.12306599471635
1990,1,7,1.1235737716994498
1990,1,8,1.123649
1991,1,1,0.0703736040631
1991,1,2,0.40098301316996
1991,1,3,0.82228988522252
1991,1,4,0.9471105180045599
1991,1,5,0.96761709326568
1991,1,6,0.97061693397292
1991,1,7,0.97105578346244
1991,1,8,0.9711208
1992,1,1,0.0672895438426625
1992,1,2,0.38341029145913497
1992,1,3,0.786253766873245
1992,1,4,0.9056042471261099
1992,1,5,0.9252121400778299
1992,1,6,0.928080515450645
1992,1,7,0.928500132754015
1992,1,8,0.9285623
1993,1,1,0.07382330787187501
1993,1,2,0.4206391420012501
1993,1,3,0.86259841548375
1993,1,4,0.9935377374825001
1993,1,5,1.0150495420725
1993,1,6,1.0181964345337502
1993,1,7,1.01865679636125
1993,1,8,1.018725
1994,1,1,0.07218675624542499
1994,1,2,0.41131420531343
1994,1,3,0.8434759068814099
1994,1,4,0.9715125011839799
1994,1,5,0.99254742144294
1994,1,6,0.99562455203461
1994,1,7,0.9960747083332699
1994,1,8,0.9961414
1995,1,1,0.0514382634684375
1995,1,2,0.29309099842762504
1995,1,3,0.601037339590875
1995,1,4,0.69227263556325
1995,1,5,0.70726153140225
1995,1,6,0.709454208595875
1995,1,7,0.709774977383625
1995,1,8,0.7098225
1996,1,1,0.052201486576574994
1996,1,2,0.29743978098177
1996,1,3,0.60995532312099
1996,1,4,0.7025443367632199
1996,1,5,0.7177556326386599
1996,1,6,0.71998084401579
1996,1,7,0.72030637225953
1996,1,8,0.7203546
1997,1,1,0.0489971031870875
1997,1,2,0.27918146774096503
1997,1,3,0.572513272445455
1997,1,4,0.65941871811249
1997,1,5,0.67369627000797
1997,1,6,0.6757848869920551
1997,1,7,0.676090432714885
1997,1,8,0.6761357
1998,1,1,0.01876067874228
1998,1,2,0.11574967134267998
1998,1,3,0.33127252989598
1998,1,4,0.40632379694876
1998,1,5,0.41661778740919997
1998,1,6,0.41797600048064
1998,1,7,0.41816688549709996
1998,1,8,0.4181948
1999,1,1,0.023288895370739998
1999,1,2,0.14368787089893997
1999,1,3,0.41123092580659
1999,1,4,0.5043971235675799
1999,1,5,0.5171757479486
1999,1,6,0.51886178940512
1999,1,7,0.51909874784555
1999,1,8,0.5191334
2000,1,1,0.01857847538463
2000,1,2,0.11462551272052998
2000,1,3,0.328055217341705
2000,1,4,0.40237758790621
2000,1,5,0.4125716033257
2000,1,6,0.41391662545744
2000,1,7,0.414105656602225
2000,1,8,0.4141333
2001,1,1,0.025727100641850003
2001,1,2,0.15873111441235
2001,1,3,0.45428429501897505
2001,1,4,0.5572044253239501
2001,1,5,0.5713208937215001
2001,1,6,0.5731834534328001
2001,1,7,0.573445219976375
2001,1,8,0.5734835
2002,1,1,0.02648397020439
2002,1,2,0.16340084967708998
2002,1,3,0.467648955126865
2002,1,4,0.57359690870213
2002,1,5,0.5881286716721
2002,1,6,0.5900460263163201
2002,1,7,0.590315493810425
2002,1,8,0.5903549
2003,1,1,0.01614521380674
2003,1,2,0.09961277081493998
2003,1,3,0.28508914293258997
2003,1,4,0.34967735797958
2003,1,5,0.3585362419886
2003,1,6,0.35970510377312
2003,1,7,0.35986937711554995
2003,1,8,0.3598934
2004,1,1,0.01379107823703
2004,1,2,0.08508822070493
2004,1,3,0.24352026066510502
2004,1,4,0.29869086029701003
2004,1,5,0.3062580293617
2004,1,6,0.30725645926864004
2004,1,7,0.307396779895225
2004,1,8,0.3074173
2005,1,1,0.01358951731473
2005,1,2,0.08384462974362998
2005,1,3,0.23996113588205498
2005,1,4,0.29432539994291
2005,1,5,0.3017819724647
2005,1,6,0.30276581000624
2005,1,7,0.30290407980297496
2005,1,8,0.3029243
2006,1,1,0.01734968050842
2006,1,2,0.10704409175901998
2006,1,3,0.30635738897646997
2006,1,4,0.37576401988814
2006,1,5,0.3852837951638
2006,1,6,0.38653985648096
2006,1,7,0.38671638495815
2006,1,8,0.3867422
2007,1,1,0.01713722731104
2007,1,2,0.10573329761824
2007,1,3,0.30260593045264
2007,1,4,0.37116265172768004
2007,1,5,0.38056585386560005
2007,1,6,0.38180653425152006
2007,1,7,0.3819809010728
2007,1,8,0.3820064
2008,1,1,0.01014105801606
2008,1,2,0.06256831901186
2008,1,3,0.17906889142721
2008,1,4,0.21963774630802
2008,1,5,0.2252021481034
2008,1,6,0.22593632823328
2008,1,7,0.22603951085545
2008,1,8,0.2260546
2009,1,1,0.010753124028288
2009,1,2,0.069274840564675
2009,1,3,0.24019932227942
2009,1,4,0.34340319356625504
2009,1,5,0.38894685568401505
2009,1,6,0.404607206596645
2009,1,7,0.409018395691775
2009,1,8,0.4101791
2010,1,1,0.012587086489343998
2010,1,2,0.08108977516015
2010,1,3,0.28116569996396
2010,1,4,0.40197115617419005
2010,1,5,0.45528236253707
2010,1,6,0.47361361128601004
2010,1,7,0.47877713571994995
2010,1,8,0.4801358
2011,1,1,0.005860182324864
2011,1,2,0.037753046944024996
2011,1,3,0.13090259343826
2011,1,4,0.18714610934876502
2011,1,5,0.211966260502045
2011,1,6,0.220500758139935
2011,1,7,0.22290474532532498
2011,1,8,0.2235373
2012,1,1,0.008490422471808
2012,1,2,0.054697840507925
2012,1,3,0.18965592866122
2012,1,4,0.27114336111770504
2012,1,5,0.307103602185865
2012,1,6,0.319468659536195
2012,1,7,0.32295163424402495
2012,1,8,0.3238681
2013,1,1,0.006692197225728
2013,1,2,0.04311313573805
2013,1,3,0.14948783571652002
2013,1,4,0.21371667370753003
2013,1,5,0.24206073153409002
2013,1,6,0.25180693706987
2013,1,7,0.25455223670065
2013,1,8,0.2552746
2014,1,1,0.005875743952511999
2014,1,2,0.037853299602825
2014,1,3,0.13125020334258
2014,1,4,0.18764307307924502
2014,1,5,0.212529133777485
2014,1,6,0.221086294647855
2014,1,7,0.22349666558572498
2014,1,8,0.2241309
2015,1,1,0.005702358688127999
2015,1,2,0.036736299881174994
2015,1,3,0.12737718719502
2015,1,4,0.18210597954715502
2015,1,5,0.206257686221715
2015,1,6,0.214562336837745
2015,1,7,0.21690158098627496
2015,1,8,0.2175171
2016,1,1,0.0070715879251199995
2016,1,2,0.045557284075125
2016,1,3,0.1579625253633
2016,1,4,0.22583259252682503
2016,1,5,0.255783517509225
2016,1,6,0.266082250056675
2016,1,7,0.268983184841625
2016,1,8,0.2697465
2017,1,1,0.009644688375936
2017,1,2,0.06213396662972499
2017,1,3,0.21543949510874
2017,1,4,0.30800507652798503
2017,1,5,0.348854082590705
2017,1,6,0.36290015924831504
2017,1,7,0.36685664148342495
2017,1,8,0.3678977
2018,1,1,0.008613782975616
2018,1,2,0.055492565762725
2018,1,3,0.19241151013994
2018,1,4,0.27508290378978506
2018,1,5,0.31156562456610504
2018,1,6,0.324110338430515
2018,1,7,0.327643918572425
2018,1,8,0.3285737
2019,1,1,0.014753870115839998
2019,1,2,0.095048843229
2019,1,3,0.32956651420559996
2019,1,4,0.4711678301034
2019,1,5,0.5336562077802
2019,1,6,0.5551430596686
2019,1,7,0.5611954506569999
2019,1,8,0.562788
1989,2,1,0.056977936623299995
1989,2,2,0.3923408034007
1989,2,3,0.8623773639134499
1989,2,4,0.9932533581239499
1989,2,5,1.0187581307018498
1989,2,6,1.0232620514770498
1989,2,7,1.0240421158890998
1989,2,8,1.024177
1990,2,1,0.057270621310200005
1990,2,2,0.3943561825458
1990,2,3,0.8668072303443001
1990,2,4,0.9983555093313001
1990,2,5,1.0239912950139
1990,2,6,1.0285183515627
1990,2,7,1.0293024230154
1990,2,8,1.029438
1991,2,1,0.058969093747200003
1991,2,2,0.4060515874688
1991,2,3,0.8925140963648001
1991,2,4,1.0279636971968
1991,2,5,1.0543597623104
1991,2,6,1.0590210775872
1991,2,7,1.0598284022144
1991,2,8,1.059968
1992,2,1,0.050342300222639996
1992,2,2,0.34664889051656
1992,2,3,0.76194510949676
1992,2,4,0.87757931780516
1992,2,5,0.90011381087948
1992,2,6,0.9040932061556399
1992,2,7,0.9047824244592799
1992,2,8,0.9049016
1993,2,1,0.060743004396600006
1993,2,2,0.41826644765140003
1993,2,3,0.9193627413019001
1993,2,4,1.0588869424729002
1993,2,5,1.0860770550787
1993,2,6,1.0908785922291
1993,2,7,1.0917102028282
1993,2,8,1.091854
1994,2,1,0.03793916769924
1994,2,2,0.26124293748796
1994,2,3,0.5742201520186601
1994,2,4,0.66136487129806
1994,2,5,0.67834740701818
1994,2,6,0.6813463749647399
1994,2,7,0.68186578644748
1994,2,8,0.6819556
1995,2,1,0.040918676671379994
1995,2,2,0.28175935161501997
1995,2,3,0.61931587231717
1995,2,4,0.71330440206247
1995,2,5,0.73162064172541
1995,2,6,0.7348551301761299
1995,2,7,0.7354153330432599
1995,2,8,0.7355122
1996,2,1,0.0619847307246
1996,2,2,0.4268167731634
1996,2,3,0.9381566243539
1996,2,4,1.0805330202049
1996,2,5,1.1082789610747
1996,2,6,1.1131786526571
1996,2,7,1.1140272632841999
1996,2,8,1.114174
1997,2,1,0.055653261641400005
1997,2,2,0.3832193069506
1997,2,3,0.8423280292651001
1997,2,4,0.9701612991241001
1997,2,5,0.9950731135123001
1997,2,6,0.9994723230339001
1997,2,7,1.0002342517978
1997,2,8,1.000366
1998,2,1,0.035680783736889
1998,2,2,0.14999334160480196
1998,2,3,0.36613217521845
1998,2,4,0.569564386743555
1998,2,5,0.7149402650438099
1998,2,6,0.775813674029625
1998,2,7,0.792883186858935
1998,2,8,0.7970337
1999,2,1,0.025603309026977005
1999,2,2,0.107630087539986
1999,2,3,0.26272391593085004
1999,2,4,0.40869990726911504
1999,2,5,0.51301666120133
1999,2,6,0.556697335742625
1999,2,7,0.568945833845455
1999,2,8,0.5719241
2000,2,1,0.029716847412943004
2000,2,2,0.12492240300257398
2000,2,3,0.30493427678515
2000,2,4,0.47436340237128505
2000,2,5,0.59544013725547
2000,2,6,0.6461387379273751
2000,2,7,0.660355132721345
2000,2,8,0.6638119
2001,2,1,0.031202255767816
2001,2,2,0.13116669865588798
2001,2,3,0.3201765370468
2001,2,4,0.49807464439292
2001,2,5,0.62520344769064
2001,2,6,0.678436237941
2001,2,7,0.69336324484364
2001,2,8,0.6969928
2002,2,1,0.032430482356736
2002,2,2,0.13632986468044797
2002,2,3,0.3327797712128
2002,2,4,0.51768055128832
2002,2,5,0.64981357535744
2002,2,6,0.705141788736
2002,2,7,0.72065637324544
2002,2,8,0.7244288
2003,2,1,0.035577958483496
2003,2,2,0.14956108923412798
2003,2,3,0.3650770517108
2003,2,4,0.5679230101745201
2003,2,5,0.7128799427578401
2003,2,6,0.7735779261210001
2003,2,7,0.79059824785084
2003,2,8,0.7947368
2004,2,1,0.037637610669347
2004,2,2,0.158219366366646
2004,2,3,0.38621181546935
2004,2,4,0.6008007782972651
2004,2,5,0.75414944766863
2004,2,6,0.818361312643875
2004,2,7,0.8363669619290051
2004,2,8,0.8407451
2005,2,1,0.032537846980887
2005,2,2,0.13678119946236597
2005,2,3,0.33388147468635
2005,2,4,0.519394388819565
2005,2,5,0.6519648535752299
2005,2,6,0.707476236996375
2005,2,7,0.723042184218105
2005,2,8,0.7268271
2006,2,1,0.03094131805308
2006,2,2,0.13006977993143998
2006,2,3,0.317498969934
2006,2,4,0.4939093538946
2006,2,5,0.6199750065132
2006,2,6,0.6727626224550001
2006,2,7,0.6875647980282
2006,2,8,0.691164
2007,2,1,0.031910442373034004
2007,2,2,0.13414374299941198
2007,2,3,0.3274434710957
2007,2,4,0.50937926910283
2007,2,5,0.63939347005586
2007,2,6,0.69383446619025
2007,2,7,0.70910026610911
2007,2,8,0.7128122
2008,2,1,0.033604800560382
2008,2,2,0.141266412957276
2008,2,3,0.3448298338311
2008,2,4,0.53642593066209
2008,2,5,0.67334353405878
2008,2,6,0.73067519985075
2008,2,7,0.74675157245853
2008,2,8,0.7506606
2009,2,1,0.045670270962453505
2009,2,2,0.12692244251079798
2009,2,3,0.30186284627334
2009,2,4,0.5649237300343999
2009,2,5,0.787407190730435
2009,2,6,0.8867002841524299
2009,2,7,0.917635112545635
2009,2,8,0.9263353
2010,2,1,0.050198012670340006
2010,2,2,0.13950550857351998
2010,2,3,0.3317894696616
2010,2,4,0.620930157856
2010,2,5,0.8654705852194
2010,2,6,0.9746075764532
2010,2,7,1.0086092776674
2010,2,8,1.018172
2011,2,1,0.029481227979454502
2011,2,2,0.08193140492742598
2011,2,3,0.19485952682057997
2011,2,4,0.3646714793928
2011,2,5,0.508289756407845
2011,2,6,0.5723857703414099
2011,2,7,0.5923549255302449
2011,2,8,0.5979711
2012,2,1,0.04241035234833
2012,2,2,0.11786278895123999
2012,2,3,0.2803160437092
2012,2,4,0.524599787472
2012,2,5,0.7312025021253
2012,2,6,0.8234081096033999
2012,2,7,0.8521348271013001
2012,2,8,0.860214
2013,2,1,0.042084514802475
2013,2,2,0.11695725245429998
2013,2,3,0.27816238341899996
2013,2,4,0.52056930204
2013,2,5,0.7255846938397499
2013,2,6,0.8170818882254999
2013,2,7,0.84558789915975
2013,2,8,0.853605
2014,2,1,0.029147822562017003
2014,2,2,0.08100483652667599
2014,2,3,0.19265584582307999
2014,2,4,0.3605473822928
2014,2,5,0.50254146944597
2014,2,6,0.5659126167526599
2014,2,7,0.58565593926837
2014,2,8,0.5912086
2015,2,1,0.019877712336080502
2015,2,2,0.05524223412855399
2015,2,3,0.13138399875281997
2015,2,4,0.24587967535119998
2015,2,5,0.342714271206505
2015,2,6,0.38593099636288997
2015,2,7,0.39939519543610497
2015,2,8,0.4031819
2016,2,1,0.019592573669648002
2016,2,2,0.05444980405894399
2016,2,3,0.12949934233152
2016,2,4,0.24235261944319997
2016,2,5,0.33779815769168
2016,2,6,0.38039495439904
2016,2,7,0.39366601435728
2016,2,8,0.3973984
2017,2,1,0.0330097789186045
2017,2,2,0.09173761571362599
2017,2,3,0.21818188526658
2017,2,4,0.40831830075279996
2017,2,5,0.569125970509345
2017,2,6,0.6408935119084099
2017,2,7,0.663252736511745
2017,2,8,0.6695411
2018,2,1,0.020045472574737003
2018,2,2,0.055708457314835994
2018,2,3,0.13249282911588
2018,2,4,0.24795480514079998
2018,2,5,0.34560664770117
2018,2,6,0.38918810537826
2018,2,7,0.40276593710757
2018,2,8,0.4065846
2019,2,1,0.0206300721661995
2019,2,2,0.05733312050328599
2019,2,3,0.13635680655437998
2019,2,4,0.2551860778008
2019,2,5,0.35568580668829497
2019,2,6,0.40053825971150997
2019,2,7,0.414512070874695
2019,2,8,0.4184421
